dataset,m,lr,temperature,metric,mean,std,n_seeds,val_ndcg10_mean,val_ndcg10_std
pet_supplies,4,0.001,0.03,n_visited_items,3945.8993326822915,12.533417296297458,3,0.030729884281754494,0.0009315630183098618
pet_supplies,4,0.001,0.03,ndcg@10,0.024960193162163097,0.0007612602782497079,3,0.030729884281754494,0.0009315630183098618
pet_supplies,4,0.001,0.03,ndcg@5,0.019037866964936256,0.0008538585856134135,3,0.030729884281754494,0.0009315630183098618
pet_supplies,4,0.001,0.03,recall@10,0.048667069524526596,0.000277375170631152,3,0.030729884281754494,0.0009315630183098618
pet_supplies,4,0.001,0.03,recall@5,0.030217566216985386,0.000781838122924981,3,0.030729884281754494,0.0009315630183098618
pet_supplies,4,0.001,0.05,n_visited_items,3894.2591959635415,19.359445532259,3,0.030864934126536053,0.0008891170656199535
pet_supplies,4,0.001,0.05,ndcg@10,0.02399856535096963,0.0012411371628792643,3,0.030864934126536053,0.0008891170656199535
pet_supplies,4,0.001,0.05,ndcg@5,0.018098382279276848,0.0009718909751439096,3,0.030864934126536053,0.0008891170656199535
pet_supplies,4,0.001,0.05,recall@10,0.04700510328014692,0.002930712126859052,3,0.030864934126536053,0.0008891170656199535
pet_supplies,4,0.001,0.05,recall@5,0.028605963413914044,0.0019453273197627256,3,0.030864934126536053,0.0008891170656199535
pet_supplies,4,0.001,0.07,n_visited_items,3856.8243001302085,3.0432563453221047,3,0.030841556067268055,0.0006507283384917129
pet_supplies,4,0.001,0.07,ndcg@10,0.02401856767634551,0.000462977527929421,3,0.030841556067268055,0.0006507283384917129
pet_supplies,4,0.001,0.07,ndcg@5,0.01803826540708542,6.979195845160947e-05,3,0.030841556067268055,0.0006507283384917129
pet_supplies,4,0.001,0.07,recall@10,0.047508729000886284,0.0010758451431537482,3,0.030841556067268055,0.0006507283384917129
pet_supplies,4,0.001,0.07,recall@5,0.028840988874435425,0.0004679479414363438,3,0.030841556067268055,0.0006507283384917129
pet_supplies,4,0.003,0.03,n_visited_items,3921.38134765625,12.28411628675851,3,0.03141591201225916,0.0008330570587794811
pet_supplies,4,0.003,0.03,ndcg@10,0.024909761423865955,0.0013453982893994697,3,0.03141591201225916,0.0008330570587794811
pet_supplies,4,0.003,0.03,ndcg@5,0.019097748522957165,0.0012870247882592588,3,0.03141591201225916,0.0008330570587794811
pet_supplies,4,0.003,0.03,recall@10,0.0484320434431235,0.002415480596348694,3,0.03141591201225916,0.0008330570587794811
pet_supplies,4,0.003,0.03,recall@5,0.030301505078872044,0.0018886542679802147,3,0.03141591201225916,0.0008330570587794811
pet_supplies,4,0.003,0.05,n_visited_items,3883.337158203125,11.50623833118533,3,0.030855146547158558,0.0008812568689721991
pet_supplies,4,0.003,0.05,ndcg@10,0.025121293341120083,0.0003933044100218787,3,0.030855146547158558,0.0008812568689721991
pet_supplies,4,0.003,0.05,ndcg@5,0.019216394672791164,0.0006886872003471466,3,0.030855146547158558,0.0008812568689721991
pet_supplies,4,0.003,0.05,recall@10,0.048667069524526596,0.0007338666161335576,3,0.030855146547158558,0.0008812568689721991
pet_supplies,4,0.003,0.05,recall@5,0.030234354237715404,0.0005901953575094125,3,0.030855146547158558,0.0008812568689721991
pet_supplies,4,0.003,0.07,n_visited_items,3842.764404296875,1.8465014633443546,3,0.03159366734325886,0.0006377863448479227
pet_supplies,4,0.003,0.07,ndcg@10,0.025505848228931427,0.0006637882580497472,3,0.03159366734325886,0.0006377863448479227
pet_supplies,4,0.003,0.07,ndcg@5,0.019306751588980358,0.00043507703000424504,3,0.03159366734325886,0.0006377863448479227
pet_supplies,4,0.003,0.07,recall@10,0.04992613444725672,0.0010758438933660653,3,0.03159366734325886,0.0006377863448479227
pet_supplies,4,0.003,0.07,recall@5,0.030603680138786633,0.0005094675105777393,3,0.03159366734325886,0.0006377863448479227
pet_supplies,4,0.01,0.03,n_visited_items,3910.7977701822915,5.744658629144225,3,0.031548177202542625,0.00043688312451356634
pet_supplies,4,0.01,0.03,ndcg@10,0.02563395785788695,0.0008089253810869464,3,0.031548177202542625,0.00043688312451356634
pet_supplies,4,0.01,0.03,ndcg@5,0.01993068555990855,0.0006315396973714484,3,0.031548177202542625,0.00043688312451356634
pet_supplies,4,0.01,0.03,recall@10,0.04891888300577799,0.0012421648538196584,3,0.031548177202542625,0.00043688312451356634
pet_supplies,4,0.01,0.03,recall@5,0.03125839369992415,0.0006553595276778347,3,0.031548177202542625,0.00043688312451356634
pet_supplies,4,0.01,0.05,n_visited_items,3881.8173014322915,7.282716764355401,3,0.03200714538494746,0.0003017965038797703
pet_supplies,4,0.01,0.05,ndcg@10,0.02530946706732114,0.0012056994762840228,3,0.03200714538494746,0.0003017965038797703
pet_supplies,4,0.01,0.05,ndcg@5,0.019355349242687225,0.00109179716117443,3,0.03200714538494746,0.0003017965038797703
pet_supplies,4,0.01,0.05,recall@10,0.04890209436416626,0.001764848927159208,3,0.03200714538494746,0.0003017965038797703
pet_supplies,4,0.01,0.05,recall@5,0.030301503837108612,0.0014677332322671152,3,0.03200714538494746,0.0003017965038797703
pet_supplies,4,0.01,0.07,n_visited_items,3851.968017578125,4.763050190491163,3,0.03156412827471892,0.0006025018329576061
pet_supplies,4,0.01,0.07,ndcg@10,0.025754202778140705,0.0003556946443361504,3,0.03156412827471892,0.0006025018329576061
pet_supplies,4,0.01,0.07,ndcg@5,0.019851047545671463,0.00021189429914946642,3,0.03156412827471892,0.0006025018329576061
pet_supplies,4,0.01,0.07,recall@10,0.04940572132666906,0.001051602163058127,3,0.03156412827471892,0.0006025018329576061
pet_supplies,4,0.01,0.07,recall@5,0.03098979281882445,0.000629699988890195,3,0.03156412827471892,0.0006025018329576061
pet_supplies,8,0.001,0.03,n_visited_items,4001.0100911458335,9.108301434253095,3,0.039187509566545486,0.00029977381933520545
pet_supplies,8,0.001,0.03,ndcg@10,0.030134132131934166,0.0007309336294502073,3,0.039187509566545486,0.00029977381933520545
pet_supplies,8,0.001,0.03,ndcg@5,0.023463286459445953,0.0005776434791468118,3,0.039187509566545486,0.00029977381933520545
pet_supplies,8,0.001,0.03,recall@10,0.056540424625078835,0.001417627269377721,3,0.039187509566545486,0.00029977381933520545
pet_supplies,8,0.001,0.03,recall@5,0.035774242132902145,0.0011049196738313466,3,0.039187509566545486,0.00029977381933520545
pet_supplies,8,0.001,0.05,n_visited_items,3955.0120442708335,3.518154822109244,3,0.039107112834850945,0.00040453711390818844
pet_supplies,8,0.001,0.05,ndcg@10,0.03041164142390092,0.0001864635823330648,3,0.039107112834850945,0.00040453711390818844
pet_supplies,8,0.001,0.05,ndcg@5,0.02383635441462199,0.00022641116356022516,3,0.039107112834850945,0.00040453711390818844
pet_supplies,8,0.001,0.05,recall@10,0.057564464708169304,0.0016710993055987868,3,0.039107112834850945,0.00040453711390818844
pet_supplies,8,0.001,0.05,recall@5,0.03715081885457039,0.0008031734066332128,3,0.039107112834850945,0.00040453711390818844
pet_supplies,8,0.001,0.07,n_visited_items,3910.6079915364585,6.512349951498805,3,0.03888591254750887,0.0002451391426408074
pet_supplies,8,0.001,0.07,ndcg@10,0.03036679079135259,0.00032157132426817464,3,0.03888591254750887,0.0002451391426408074
pet_supplies,8,0.001,0.07,ndcg@5,0.023715725789467495,0.00034150109641039884,3,0.03888591254750887,0.0002451391426408074
pet_supplies,8,0.001,0.07,recall@10,0.05768197774887085,0.0003237857672648666,3,0.03888591254750887,0.0002451391426408074
pet_supplies,8,0.001,0.07,recall@5,0.03694936881462733,0.0004569787972867015,3,0.03888591254750887,0.0002451391426408074
pet_supplies,8,0.003,0.03,n_visited_items,4008.4386393229165,3.298514960153642,3,0.04065872977177302,0.0008339224377278193
pet_supplies,8,0.003,0.03,ndcg@10,0.031231718137860298,0.00044631076067139236,3,0.04065872977177302,0.0008339224377278193
pet_supplies,8,0.003,0.03,ndcg@5,0.02433839502433936,0.000331589742438347,3,0.04065872977177302,0.0008339224377278193
pet_supplies,8,0.003,0.03,recall@10,0.058873891830444336,0.0012710942651219677,3,0.04065872977177302,0.0008339224377278193
pet_supplies,8,0.003,0.03,recall@5,0.037436207135518394,0.0007709484816879626,3,0.04065872977177302,0.0008339224377278193
pet_supplies,8,0.003,0.05,n_visited_items,3969.05810546875,1.9259158352449295,3,0.039851232121388115,0.0003335771260287698
pet_supplies,8,0.003,0.05,ndcg@10,0.030662422999739647,0.0009238260161283536,3,0.039851232121388115,0.0003335771260287698
pet_supplies,8,0.003,0.05,ndcg@5,0.024010398735602696,0.0005173355245880444,3,0.039851232121388115,0.0003335771260287698
pet_supplies,8,0.003,0.05,recall@10,0.057816276947657265,0.002140854983485265,3,0.039851232121388115,0.0003335771260287698
pet_supplies,8,0.003,0.05,recall@5,0.037134030212958656,0.0007709484816879626,3,0.039851232121388115,0.0003335771260287698
pet_supplies,8,0.003,0.07,n_visited_items,3911.0115559895835,7.5419739881005565,3,0.039745779087146126,0.00029007263872310283
pet_supplies,8,0.003,0.07,ndcg@10,0.030956232299407322,0.00019282954856009562,3,0.039745779087146126,0.00029007263872310283
pet_supplies,8,0.003,0.07,ndcg@5,0.024031995485226314,0.00018880411726835325,3,0.039745779087146126,0.00029007263872310283
pet_supplies,8,0.003,0.07,recall@10,0.059008192270994186,0.00012674381645349313,3,0.039745779087146126,0.00029007263872310283
pet_supplies,8,0.003,0.07,recall@5,0.037503357976675034,0.00025348615261519856,3,0.039745779087146126,0.00029007263872310283
pet_supplies,8,0.01,0.03,n_visited_items,4023.4024251302085,12.962232823532185,3,0.03970547765493393,0.00013636157266111486
pet_supplies,8,0.01,0.03,ndcg@10,0.030786109467347462,0.0008610770027393626,3,0.03970547765493393,0.00013636157266111486
pet_supplies,8,0.01,0.03,ndcg@5,0.024233148122827213,0.0007413287845635753,3,0.03970547765493393,0.00013636157266111486
pet_supplies,8,0.01,0.03,recall@10,0.05727907518545786,0.0022704179738502156,3,0.03970547765493393,0.00013636157266111486
pet_supplies,8,0.01,0.03,recall@5,0.03689900661508242,0.0009027877931066533,3,0.03970547765493393,0.00013636157266111486
pet_supplies,8,0.01,0.05,n_visited_items,3965.5760091145835,3.1294700060705916,3,0.04004564260443052,0.0001432779334463981
pet_supplies,8,0.01,0.05,ndcg@10,0.0314986581603686,0.0010199329245363356,3,0.04004564260443052,0.0001432779334463981
pet_supplies,8,0.01,0.05,ndcg@5,0.02482969934741656,0.0010285532660280151,3,0.04004564260443052,0.0001432779334463981
pet_supplies,8,0.01,0.05,recall@10,0.058823528389135994,0.0010929959514146515,3,0.04004564260443052,0.0001432779334463981
pet_supplies,8,0.01,0.05,recall@5,0.03807413329680761,0.001320999471886476,3,0.04004564260443052,0.0001432779334463981
pet_supplies,8,0.01,0.07,n_visited_items,3914.424560546875,7.585381127019023,3,0.03960520153244337,0.00013942749189729963
pet_supplies,8,0.01,0.07,ndcg@10,0.030568834394216537,0.0006883213977066236,3,0.03960520153244337,0.00013942749189729963
pet_supplies,8,0.01,0.07,ndcg@5,0.023962384710709255,0.00045186011109939433,3,0.03960520153244337,0.00013942749189729963
pet_supplies,8,0.01,0.07,recall@10,0.05774912734826406,0.0023922691505971175,3,0.03960520153244337,0.00013942749189729963
pet_supplies,8,0.01,0.07,recall@5,0.037150820096333824,0.00045139497027739075,3,0.03960520153244337,0.00013942749189729963
pet_supplies,16,0.001,0.03,n_visited_items,4088.6209309895835,12.768164300050337,3,0.04409430300196012,0.000259066203554144
pet_supplies,16,0.001,0.03,ndcg@10,0.0350567897160848,0.0006615664310258166,3,0.04409430300196012,0.000259066203554144
pet_supplies,16,0.001,0.03,ndcg@5,0.028119944036006927,0.00044968750297836566,3,0.04409430300196012,0.000259066203554144
pet_supplies,16,0.001,0.03,recall@10,0.06276860212286313,0.0017850939636115115,3,0.04409430300196012,0.000259066203554144
pet_supplies,16,0.001,0.03,recall@5,0.041246979186932244,0.0007915097837782352,3,0.04409430300196012,0.000259066203554144
pet_supplies,16,0.001,0.05,n_visited_items,4028.0792643229165,10.422824537076046,3,0.043955735862255096,0.00014594573453690157
pet_supplies,16,0.001,0.05,ndcg@10,0.035114423682292305,0.0005834899175591714,3,0.043955735862255096,0.00014594573453690157
pet_supplies,16,0.001,0.05,ndcg@5,0.028394632662336033,0.0006070676511132805,3,0.043955735862255096,0.00014594573453690157
pet_supplies,16,0.001,0.05,recall@10,0.06302041312058766,0.0010805465559730778,3,0.043955735862255096,0.00014594573453690157
pet_supplies,16,0.001,0.05,recall@5,0.04205277934670448,0.0011735679559555672,3,0.043955735862255096,0.00014594573453690157
pet_supplies,16,0.001,0.07,n_visited_items,3980.3585611979165,4.743978110982729,3,0.04389859611789385,0.00036416902379350294
pet_supplies,16,0.001,0.07,ndcg@10,0.03422507643699646,0.00042835018880926497,3,0.04389859611789385,0.00036416902379350294
pet_supplies,16,0.001,0.07,ndcg@5,0.02718079835176468,0.0006358758449304094,3,0.04389859611789385,0.00036416902379350294
pet_supplies,16,0.001,0.07,recall@10,0.06194601207971573,0.00046158084132099964,3,0.04389859611789385,0.00036416902379350294
pet_supplies,16,0.001,0.07,recall@5,0.04003827522198359,0.0009713586538254425,3,0.04389859611789385,0.00036416902379350294
pet_supplies,16,0.003,0.03,n_visited_items,4077.422607421875,7.210538693989693,3,0.044539532313744225,0.000619229960667988
pet_supplies,16,0.003,0.03,ndcg@10,0.03585270792245865,0.0003504841418839634,3,0.044539532313744225,0.000619229960667988
pet_supplies,16,0.003,0.03,ndcg@5,0.028944330289959908,0.0001857496709788299,3,0.044539532313744225,0.000619229960667988
pet_supplies,16,0.003,0.03,recall@10,0.0642626906434695,0.0009408529027928309,3,0.044539532313744225,0.000619229960667988
pet_supplies,16,0.003,0.03,recall@5,0.0427242803076903,0.000342810503538385,3,0.044539532313744225,0.000619229960667988
pet_supplies,16,0.003,0.05,n_visited_items,4028.7652994791665,3.2624657908043138,3,0.04463352759679159,0.0003501162241202061
pet_supplies,16,0.003,0.05,ndcg@10,0.0357050821185112,0.0010721340664918899,3,0.04463352759679159,0.0003501162241202061
pet_supplies,16,0.003,0.05,ndcg@5,0.028716760377089184,0.0011231218118402336,3,0.04463352759679159,0.0003501162241202061
pet_supplies,16,0.003,0.05,recall@10,0.06392694016297658,0.001242163972758221,3,0.04463352759679159,0.0003501162241202061
pet_supplies,16,0.003,0.05,recall@5,0.042237443228562675,0.0013749393881241315,3,0.04463352759679159,0.0003501162241202061
pet_supplies,16,0.003,0.07,n_visited_items,3973.99072265625,3.001614622887763,3,0.04408526420593262,0.00019058308888341745
pet_supplies,16,0.003,0.07,ndcg@10,0.03528651843468348,0.0005556162177222754,3,0.04408526420593262,0.00019058308888341745
pet_supplies,16,0.003,0.07,ndcg@5,0.028549193715055782,0.00033434024256176985,3,0.04408526420593262,0.00019058308888341745
pet_supplies,16,0.003,0.07,recall@10,0.06291968996326129,0.0009586566187240341,3,0.04408526420593262,0.00019058308888341745
pet_supplies,16,0.003,0.07,recall@5,0.04201920578877131,0.0002534859059036225,3,0.04408526420593262,0.00019058308888341745
pet_supplies,16,0.01,0.03,n_visited_items,4072.4126790364585,36.447643056142155,3,0.04457626988490423,0.00028843282657225956
pet_supplies,16,0.01,0.03,ndcg@10,0.03556224703788757,0.00011118685403629797,3,0.04457626988490423,0.00028843282657225956
pet_supplies,16,0.01,0.03,ndcg@5,0.028633172313372295,0.0004071184152743486,3,0.04457626988490423,0.00028843282657225956
pet_supplies,16,0.01,0.03,recall@10,0.06338973840077718,0.0005168815850795789,3,0.04457626988490423,0.00028843282657225956
pet_supplies,16,0.01,0.03,recall@5,0.041834541906913124,0.0007338687039668783,3,0.04457626988490423,0.00028843282657225956
pet_supplies,16,0.01,0.05,n_visited_items,4028.53857421875,8.798031193994,3,0.04446402192115784,0.00046126694219526614
pet_supplies,16,0.01,0.05,ndcg@10,0.035254284739494324,0.00017283889214889954,3,0.04446402192115784,0.00046126694219526614
pet_supplies,16,0.01,0.05,ndcg@5,0.028474232802788418,0.00012840191050653897,3,0.04446402192115784,0.00046126694219526614
pet_supplies,16,0.01,0.05,recall@10,0.06302041312058766,0.0003911922762042228,3,0.04446402192115784,0.00046126694219526614
pet_supplies,16,0.01,0.05,recall@5,0.04190169274806976,0.00041223601057641514,3,0.04446402192115784,0.00046126694219526614
pet_supplies,16,0.01,0.07,n_visited_items,3958.6866861979165,9.626616491880343,3,0.04333405445019404,0.0007634068653497616
pet_supplies,16,0.01,0.07,ndcg@10,0.03443002700805664,0.0011639792012092857,3,0.04333405445019404,0.0007634068653497616
pet_supplies,16,0.01,0.07,ndcg@5,0.027342517549792927,0.0011787630498729669,3,0.04333405445019404,0.0007634068653497616
pet_supplies,16,0.01,0.07,recall@10,0.0621978243192037,0.0016831966998495354,3,0.04333405445019404,0.0007634068653497616
pet_supplies,16,0.01,0.07,recall@5,0.04015578826268514,0.0013516822535641867,3,0.04333405445019404,0.0007634068653497616
pet_supplies,32,0.001,0.03,n_visited_items,4412.471354166667,12.39837310267909,3,0.04577945048610369,0.00010873109284350576
pet_supplies,32,0.001,0.03,ndcg@10,0.03578268364071846,0.0006229466263775916,3,0.04577945048610369,0.00010873109284350576
pet_supplies,32,0.001,0.03,ndcg@5,0.028927364697058994,0.0009402767007235315,3,0.04577945048610369,0.00010873109284350576
pet_supplies,32,0.001,0.03,recall@10,0.06412839392820995,0.0006092286897911849,3,0.04577945048610369,0.00010873109284350576
pet_supplies,32,0.001,0.03,recall@5,0.04277464499076208,0.0012783898962451855,3,0.04577945048610369,0.00010873109284350576
pet_supplies,32,0.001,0.05,n_visited_items,4345.56640625,31.907751001364428,3,0.04543874536951383,0.00037822885134686143
pet_supplies,32,0.001,0.05,ndcg@10,0.03489288811882337,0.0004275915496723247,3,0.04543874536951383,0.00037822885134686143
pet_supplies,32,0.001,0.05,ndcg@5,0.028110405430197716,0.0003328944724063208,3,0.04543874536951383,0.00037822885134686143
pet_supplies,32,0.001,0.05,recall@10,0.06268466264009476,0.00048393724686987956,3,0.04543874536951383,0.00037822885134686143
pet_supplies,32,0.001,0.05,recall@5,0.04159951706727346,0.0002307906238925525,3,0.04543874536951383,0.00037822885134686143
pet_supplies,32,0.001,0.07,n_visited_items,4263.271809895833,6.9115235632947085,3,0.04526278376579285,0.0003104027793771283
pet_supplies,32,0.001,0.07,ndcg@10,0.03486306220293045,0.0005078508306066003,3,0.04526278376579285,0.0003104027793771283
pet_supplies,32,0.001,0.07,ndcg@5,0.028109213337302208,0.0006897961132371715,3,0.04526278376579285,0.0003104027793771283
pet_supplies,32,0.001,0.07,recall@10,0.062483212600151695,0.0006297017517243886,3,0.04526278376579285,0.0003104027793771283
pet_supplies,32,0.001,0.07,recall@5,0.041381278385718666,0.0006008430042371037,3,0.04526278376579285,0.0003104027793771283
pet_supplies,32,0.003,0.03,n_visited_items,4360.443684895833,31.035523935024084,3,0.04588932419816653,0.00045623102351255657
pet_supplies,32,0.003,0.03,ndcg@10,0.036569600303967796,0.0006504913606494208,3,0.04588932419816653,0.00045623102351255657
pet_supplies,32,0.003,0.03,ndcg@5,0.029508069157600403,0.0009126526502992679,3,0.04588932419816653,0.00045623102351255657
pet_supplies,32,0.003,0.03,recall@10,0.06550497064987819,0.0008280523929114936,3,0.04588932419816653,0.00045623102351255657
pet_supplies,32,0.003,0.03,recall@5,0.04358044515053431,0.0013610343005158677,3,0.04588932419816653,0.00045623102351255657
pet_supplies,32,0.003,0.05,n_visited_items,4330.736653645833,14.382807844728639,3,0.045503043880065284,0.00015433889082611157
pet_supplies,32,0.003,0.05,ndcg@10,0.036346507569154106,0.0002398273829194547,3,0.045503043880065284,0.00015433889082611157
pet_supplies,32,0.003,0.05,ndcg@5,0.02944275053838889,0.0002774655338226323,3,0.045503043880065284,0.00015433889082611157
pet_supplies,32,0.003,0.05,recall@10,0.06456486880779266,0.0003525391221046448,3,0.045503043880065284,0.00015433889082611157
pet_supplies,32,0.003,0.05,recall@5,0.04316075767079989,0.0002804068671065973,3,0.045503043880065284,0.00015433889082611157
pet_supplies,32,0.003,0.07,n_visited_items,4251.617838541667,3.9694687300154863,3,0.045415740460157394,0.00017914894354728827
pet_supplies,32,0.003,0.07,ndcg@10,0.035262275487184525,0.00039995464032344715,3,0.045415740460157394,0.00017914894354728827
pet_supplies,32,0.003,0.07,ndcg@5,0.02853323829670747,0.00036624148358724117,3,0.045415740460157394,0.00017914894354728827
pet_supplies,32,0.003,0.07,recall@10,0.06290290132164955,0.0008952678911833681,3,0.045415740460157394,0.00017914894354728827
pet_supplies,32,0.003,0.07,recall@5,0.04191848014791807,0.0004193526929482635,3,0.045415740460157394,0.00017914894354728827
pet_supplies,32,0.01,0.03,n_visited_items,4293.403971354167,64.50054423955244,3,0.0453299880027771,0.0011657955298910187
pet_supplies,32,0.01,0.03,ndcg@10,0.03596544141570727,0.0010817976267537353,3,0.0453299880027771,0.0011657955298910187
pet_supplies,32,0.01,0.03,ndcg@5,0.02877070816854636,0.000961493377968924,3,0.0453299880027771,0.0011657955298910187
pet_supplies,32,0.01,0.03,recall@10,0.06493419408798218,0.0015119959824657534,3,0.0453299880027771,0.0011657955298910187
pet_supplies,32,0.01,0.03,recall@5,0.042522831509510674,0.0011985168536683668,3,0.0453299880027771,0.0011657955298910187
pet_supplies,32,0.01,0.05,n_visited_items,4225.3310546875,73.19115360857924,3,0.043796297162771225,0.001992473643558594
pet_supplies,32,0.01,0.05,ndcg@10,0.03352755680680275,0.0028237982925315326,3,0.043796297162771225,0.001992473643558594
pet_supplies,32,0.01,0.05,ndcg@5,0.026881457616885502,0.0024244725975025496,3,0.043796297162771225,0.001992473643558594
pet_supplies,32,0.01,0.05,recall@10,0.060367981592814125,0.00467757988247324,3,0.043796297162771225,0.001992473643558594
pet_supplies,32,0.01,0.05,recall@5,0.03965216130018234,0.0034173664992012353,3,0.043796297162771225,0.001992473643558594
pet_supplies,32,0.01,0.07,n_visited_items,4025.968017578125,140.38462929911614,3,0.0360111358265082,0.0068563354874378426
pet_supplies,32,0.01,0.07,ndcg@10,0.028241916249195736,0.005141051584406872,3,0.0360111358265082,0.0068563354874378426
pet_supplies,32,0.01,0.07,ndcg@5,0.02236344541112582,0.004048382968110678,3,0.0360111358265082,0.0068563354874378426
pet_supplies,32,0.01,0.07,recall@10,0.05125235145290693,0.009044166684421475,3,0.0360111358265082,0.0068563354874378426
pet_supplies,32,0.01,0.07,recall@5,0.03293714734415213,0.005635888704676372,3,0.0360111358265082,0.0068563354874378426
pet_supplies,64,0.001,0.03,n_visited_items,4833.2470703125,4.4416085149359095,3,0.04446949933966001,9.533787010611061e-05
pet_supplies,64,0.001,0.03,ndcg@10,0.033841600020726524,0.000528650735814715,3,0.04446949933966001,9.533787010611061e-05
pet_supplies,64,0.001,0.03,ndcg@5,0.02729125941793124,0.0001388443876308264,3,0.04446949933966001,9.533787010611061e-05
pet_supplies,64,0.001,0.03,recall@10,0.06117378547787666,0.0014677347661871433,3,0.04446949933966001,9.533787010611061e-05
pet_supplies,64,0.001,0.03,recall@5,0.04076013962427775,0.0006297009572078695,3,0.04446949933966001,9.533787010611061e-05
pet_supplies,64,0.001,0.05,n_visited_items,4770.147786458333,22.312758726513053,3,0.04455603286623955,0.00033393332454584735
pet_supplies,64,0.001,0.05,ndcg@10,0.03366427371899287,0.0008021056026212537,3,0.04455603286623955,0.00033393332454584735
pet_supplies,64,0.001,0.05,ndcg@5,0.026967807362476986,0.0005860247997816763,3,0.04455603286623955,0.00033393332454584735
pet_supplies,64,0.001,0.05,recall@10,0.061005908995866776,0.0012941657676896034,3,0.04455603286623955,0.00033393332454584735
pet_supplies,64,0.001,0.05,recall@5,0.04017257566253344,0.0006763115305820443,3,0.04455603286623955,0.00033393332454584735
pet_supplies,64,0.001,0.07,n_visited_items,4649.748046875,16.37613239449633,3,0.044936295598745346,0.0004489436027438214
pet_supplies,64,0.001,0.07,ndcg@10,0.03346532707413038,0.0003555830442233108,3,0.044936295598745346,0.0004489436027438214
pet_supplies,64,0.001,0.07,ndcg@5,0.026581458126505215,8.054390172990414e-05,3,0.044936295598745346,0.0004489436027438214
pet_supplies,64,0.001,0.07,recall@10,0.06105627243717512,0.0011421700624855563,3,0.044936295598745346,0.0004489436027438214
pet_supplies,64,0.001,0.07,recall@5,0.03965216254194578,0.000295099056265619,3,0.044936295598745346,0.0004489436027438214
pet_supplies,64,0.003,0.03,n_visited_items,4817.140787760417,55.03649052787189,3,0.04546205078562101,0.0004817791542201582
pet_supplies,64,0.003,0.03,ndcg@10,0.03549184029301008,0.00040846706489213087,3,0.04546205078562101,0.0004817791542201582
pet_supplies,64,0.003,0.03,ndcg@5,0.02888534963130951,0.0006697067847858766,3,0.04546205078562101,0.0004817791542201582
pet_supplies,64,0.003,0.03,recall@10,0.06387657920519511,0.0007338687039668784,3,0.04546205078562101,0.0004817791542201582
pet_supplies,64,0.003,0.03,recall@5,0.04341257115205129,0.0010766286128656348,3,0.04546205078562101,0.0004817791542201582
pet_supplies,64,0.003,0.05,n_visited_items,4739.985026041667,20.552145535554896,3,0.04516473909219106,0.00014415608077873726
pet_supplies,64,0.003,0.05,ndcg@10,0.03500080108642578,0.0007642105666528765,3,0.04516473909219106,0.00014415608077873726
pet_supplies,64,0.003,0.05,ndcg@5,0.02842010309298833,0.0007284544631559444,3,0.04516473909219106,0.00014415608077873726
pet_supplies,64,0.003,0.05,recall@10,0.06281896432240804,0.0010687490245963685,3,0.04516473909219106,0.00014415608077873726
pet_supplies,64,0.003,0.05,recall@5,0.04235495626926422,0.0009608559718322394,3,0.04516473909219106,0.00014415608077873726
pet_supplies,64,0.003,0.07,n_visited_items,4612.839029947917,19.381722830284456,3,0.045380682994922004,0.0004814891400545311
pet_supplies,64,0.003,0.07,ndcg@10,0.035311284164587654,0.0005261387624413546,3,0.045380682994922004,0.0004814891400545311
pet_supplies,64,0.003,0.07,ndcg@5,0.028566302731633186,0.0005618395197208898,3,0.045380682994922004,0.0004814891400545311
pet_supplies,64,0.003,0.07,recall@10,0.06333937620123227,0.0012482754627576474,3,0.045380682994922004,0.0004814891400545311
pet_supplies,64,0.003,0.07,recall@5,0.04233816886941592,0.001266429755451107,3,0.045380682994922004,0.0004814891400545311
pet_supplies,64,0.01,0.03,n_visited_items,4489.329752604167,21.70965645053372,3,0.04355183492104212,0.00013873436508411624
pet_supplies,64,0.01,0.03,ndcg@10,0.0333721861243248,0.0012967129773391677,3,0.04355183492104212,0.00013873436508411624
pet_supplies,64,0.01,0.03,ndcg@5,0.026472100988030434,0.000853185287909593,3,0.04355183492104212,0.00013873436508411624
pet_supplies,64,0.01,0.03,recall@10,0.06127451111872991,0.0024498896163977477,3,0.04355183492104212,0.00013873436508411624
pet_supplies,64,0.01,0.03,recall@5,0.03985361382365227,0.0012360226444497176,3,0.04355183492104212,0.00013873436508411624
pet_supplies,64,0.01,0.05,n_visited_items,4351.168782552083,221.8676154636932,3,0.03963037580251694,0.005307962413197882
pet_supplies,64,0.01,0.05,ndcg@10,0.03060745509962241,0.003362728926240529,3,0.03963037580251694,0.005307962413197882
pet_supplies,64,0.01,0.05,ndcg@5,0.02429882747431596,0.002647593965716379,3,0.03963037580251694,0.005307962413197882
pet_supplies,64,0.01,0.05,recall@10,0.05675866330663363,0.005483052459607328,3,0.03963037580251694,0.005307962413197882
pet_supplies,64,0.01,0.05,recall@5,0.03716760749618212,0.0032486810532508523,3,0.03963037580251694,0.005307962413197882
pet_supplies,64,0.01,0.07,n_visited_items,4080.3529459635415,33.675681309591724,3,0.03208977480729421,0.00128321433630886
pet_supplies,64,0.01,0.07,ndcg@10,0.024076683446764946,0.0010674754933125991,3,0.03208977480729421,0.00128321433630886
pet_supplies,64,0.01,0.07,ndcg@5,0.018499334653218586,0.0011074788447889283,3,0.03208977480729421,0.00128321433630886
pet_supplies,64,0.01,0.07,recall@10,0.04609857499599457,0.0017051545244150788,3,0.03208977480729421,0.00128321433630886
pet_supplies,64,0.01,0.07,recall@5,0.02874026323358218,0.001890667920502951,3,0.03208977480729421,0.00128321433630886
video_games,4,0.001,0.03,n_visited_items,3104.6743977864585,14.745367414426061,3,0.022400836770733196,0.0001450914302432235
video_games,4,0.001,0.03,ndcg@10,0.018435372039675713,0.00026208328064020685,3,0.022400836770733196,0.0001450914302432235
video_games,4,0.001,0.03,ndcg@5,0.01411513394365708,0.00035944714589361353,3,0.022400836770733196,0.0001450914302432235
video_games,4,0.001,0.03,recall@10,0.03533171365658442,0.0010700907432421207,3,0.022400836770733196,0.0001450914302432235
video_games,4,0.001,0.03,recall@5,0.021808007111152012,0.0007233016576675646,3,0.022400836770733196,0.0001450914302432235
video_games,4,0.001,0.05,n_visited_items,3058.9649251302085,16.860031030905592,3,0.022381388892730076,0.00020977825231504105
video_games,4,0.001,0.05,ndcg@10,0.018497630953788757,0.0003292169819580849,3,0.022381388892730076,0.00020977825231504105
video_games,4,0.001,0.05,ndcg@5,0.014231895407040914,0.0004895240630133995,3,0.022381388892730076,0.00020977825231504105
video_games,4,0.001,0.05,recall@10,0.03577061866720518,8.565396596886199e-05,3,0.022381388892730076,0.00020977825231504105
video_games,4,0.001,0.05,recall@5,0.022384067997336388,0.0005833625453265264,3,0.022381388892730076,0.00020977825231504105
video_games,4,0.001,0.07,n_visited_items,3020.3346354166665,8.946497197667973,3,0.021949054673314095,0.0002757503817318655
video_games,4,0.001,0.07,ndcg@10,0.017888068531950314,0.00024331398061660633,3,0.021949054673314095,0.0002757503817318655
video_games,4,0.001,0.07,ndcg@5,0.013813061950107416,0.00023311370742392704,3,0.021949054673314095,0.0002757503817318655
video_games,4,0.001,0.07,recall@10,0.03454991802573204,0.0010346974740130994,3,0.021949054673314095,0.0002757503817318655
video_games,4,0.001,0.07,recall@5,0.021794291213154793,0.0004399732951009623,3,0.021949054673314095,0.0002757503817318655
video_games,4,0.003,0.03,n_visited_items,3088.7657063802085,26.28469103233629,3,0.02192297639946143,0.00024963727010195245
video_games,4,0.003,0.03,ndcg@10,0.018038417523105938,0.0005203716288294507,3,0.02192297639946143,0.00024963727010195245
video_games,4,0.003,0.03,ndcg@5,0.013867589955528578,0.0005620568674864844,3,0.02192297639946143,0.00024963727010195245
video_games,4,0.003,0.03,recall@10,0.0347556546330452,0.0005823951192718771,3,0.02192297639946143,0.00024963727010195245
video_games,4,0.003,0.03,recall@5,0.021684565891822178,0.0006144583736959003,3,0.02192297639946143,0.00024963727010195245
video_games,4,0.003,0.05,n_visited_items,3051.0263671875,13.32471607614311,3,0.022111353774865467,0.0003789626536990595
video_games,4,0.003,0.05,ndcg@10,0.018359700217843056,0.0007862849543870011,3,0.022111353774865467,0.0003789626536990595
video_games,4,0.003,0.05,ndcg@5,0.01409968143949906,0.0004695258752411844,3,0.022111353774865467,0.0003789626536990595
video_games,4,0.003,0.05,recall@10,0.03531799837946892,0.0018951550410007435,3,0.022111353774865467,0.0003789626536990595
video_games,4,0.003,0.05,recall@5,0.021972595403591793,0.0010011542030950787,3,0.022111353774865467,0.0003789626536990595
video_games,4,0.003,0.07,n_visited_items,3018.1630859375,22.15597409586357,3,0.02209962469836076,0.00015857446877462389
video_games,4,0.003,0.07,ndcg@10,0.018570007756352425,0.0006356603487396991,3,0.02209962469836076,0.00015857446877462389
video_games,4,0.003,0.07,ndcg@5,0.014436153694987297,0.0007940643219645253,3,0.02209962469836076,0.00015857446877462389
video_games,4,0.003,0.07,recall@10,0.03531799837946892,0.001194214448947239,3,0.02209962469836076,0.00015857446877462389
video_games,4,0.003,0.07,recall@5,0.022329204405347507,0.0016992009226063645,3,0.02209962469836076,0.00015857446877462389
video_games,4,0.01,0.03,n_visited_items,3048.9235026041665,6.533939913423597,3,0.020180877298116684,0.0013097368858474108
video_games,4,0.01,0.03,ndcg@10,0.016980791464447975,0.0006913783189909875,3,0.020180877298116684,0.0013097368858474108
video_games,4,0.01,0.03,ndcg@5,0.01290387287735939,0.0007679356172158362,3,0.020180877298116684,0.0013097368858474108
video_games,4,0.01,0.03,recall@10,0.03356238702932993,0.0009466839141961741,3,0.020180877298116684,0.0013097368858474108
video_games,4,0.01,0.03,recall@5,0.020793043697873752,0.0011647880232870619,3,0.020180877298116684,0.0013097368858474108
video_games,4,0.01,0.05,n_visited_items,3029.89697265625,6.08292285849456,3,0.02120219295223554,0.0002187611487540285
video_games,4,0.01,0.05,ndcg@10,0.017628852277994156,0.0001042905408929784,3,0.02120219295223554,0.0002187611487540285
video_games,4,0.01,0.05,ndcg@5,0.013195244905849298,9.812777096982722e-05,3,0.02120219295223554,0.0002187611487540285
video_games,4,0.01,0.05,recall@10,0.03496138999859492,0.0003996416999365556,3,0.02120219295223554,0.0002187611487540285
video_games,4,0.01,0.05,recall@5,0.02106735793252786,0.00014253871781702888,3,0.02120219295223554,0.0002187611487540285
video_games,4,0.01,0.07,n_visited_items,2990.4003092447915,6.860805615731647,3,0.019858022530873615,0.0010469034895852442
video_games,4,0.01,0.07,ndcg@10,0.016645286853114765,0.00016820991673950798,3,0.019858022530873615,0.0010469034895852442
video_games,4,0.01,0.07,ndcg@5,0.012495894605914751,0.00016948852104995337,3,0.019858022530873615,0.0010469034895852442
video_games,4,0.01,0.07,recall@10,0.033260639756917953,0.0006689853137973352,3,0.019858022530873615,0.0010469034895852442
video_games,4,0.01,0.07,recall@5,0.020285561680793762,4.114769399166107e-05,3,0.019858022530873615,0.0010469034895852442
video_games,8,0.001,0.03,n_visited_items,3036.6865234375,20.802836216530533,3,0.03157255674401919,0.0006959581164121912
video_games,8,0.001,0.03,ndcg@10,0.02668991560737292,0.0011474490036803555,3,0.03157255674401919,0.0006959581164121912
video_games,8,0.001,0.03,ndcg@5,0.02120225814481576,0.0012085991050647506,3,0.03157255674401919,0.0006959581164121912
video_games,8,0.001,0.03,recall@10,0.04834794004758199,0.0017822009822659303,3,0.03157255674401919,0.0006959581164121912
video_games,8,0.001,0.03,recall@5,0.031340437630812325,0.0018830546396455378,3,0.03157255674401919,0.0006959581164121912
video_games,8,0.001,0.05,n_visited_items,3016.661376953125,16.67409653417994,3,0.03147262645264467,0.0005390866831749606
video_games,8,0.001,0.05,ndcg@10,0.026031058902541798,0.0009526974294362584,3,0.03147262645264467,0.0005390866831749606
video_games,8,0.001,0.05,ndcg@5,0.02064683164159457,0.0010002057429795623,3,0.03147262645264467,0.0005390866831749606
video_games,8,0.001,0.05,recall@10,0.047209536035855613,0.0016341869311233635,3,0.03147262645264467,0.0005390866831749606
video_games,8,0.001,0.05,recall@5,0.030490062509973843,0.0015017310749800075,3,0.03147262645264467,0.0005390866831749606
video_games,8,0.001,0.07,n_visited_items,2995.7392578125,13.327779076705676,3,0.031020650640130043,0.000821934626134338
video_games,8,0.001,0.07,ndcg@10,0.025990691656867664,0.0002149806953299408,3,0.031020650640130043,0.000821934626134338
video_games,8,0.001,0.07,ndcg@5,0.020741930231451988,0.00032740044918504744,3,0.031020650640130043,0.000821934626134338
video_games,8,0.001,0.07,recall@10,0.047058661778767906,0.0015309489461738544,3,0.031020650640130043,0.000821934626134338
video_games,8,0.001,0.07,recall@5,0.03077809326350689,0.000148358312437858,3,0.031020650640130043,0.000821934626134338
video_games,8,0.003,0.03,n_visited_items,3034.6770833333335,25.252126616367516,3,0.03172181422511736,0.0005295546849712274
video_games,8,0.003,0.03,ndcg@10,0.026747452716032665,0.00019271691345873837,3,0.03172181422511736,0.0005295546849712274
video_games,8,0.003,0.03,ndcg@5,0.02125059502820174,0.00014777179880617238,3,0.03172181422511736,0.0005295546849712274
video_games,8,0.003,0.03,recall@10,0.04844395071268082,0.00012570665575101767,3,0.03172181422511736,0.0005295546849712274
video_games,8,0.003,0.03,recall@5,0.031477595369021096,0.000467342225755833,3,0.03172181422511736,0.0005295546849712274
video_games,8,0.003,0.05,n_visited_items,3003.9312337239585,9.220110832680474,3,0.03174244984984398,0.00031736907065055584
video_games,8,0.003,0.05,ndcg@10,0.025493522485097248,0.0007494350679238234,3,0.03174244984984398,0.00031736907065055584
video_games,8,0.003,0.05,ndcg@5,0.02033832607169946,0.0003058757591666109,3,0.03174244984984398,0.00031736907065055584
video_games,8,0.003,0.05,recall@10,0.04579681406418482,0.0019959565565994286,3,0.03174244984984398,0.00031736907065055584
video_games,8,0.003,0.05,recall@5,0.029914002244671185,0.0006144583736959003,3,0.03174244984984398,0.00031736907065055584
video_games,8,0.003,0.07,n_visited_items,2966.43603515625,11.195996518478486,3,0.030907435963551205,0.0001890047711068719
video_games,8,0.003,0.07,ndcg@10,0.0258167398472627,0.001065841432508655,3,0.030907435963551205,0.0001890047711068719
video_games,8,0.003,0.07,ndcg@5,0.020381648714343708,0.0011547809329078786,3,0.030907435963551205,0.0001890047711068719
video_games,8,0.003,0.07,recall@10,0.0474015548825264,0.00130638259159431,3,0.030907435963551205,0.0001890047711068719
video_games,8,0.003,0.07,recall@5,0.03053120958308379,0.0014812983572486966,3,0.030907435963551205,0.0001890047711068719
video_games,8,0.01,0.03,n_visited_items,3028.0999348958335,1.674289819226897,3,0.03151343824962775,0.0005205726448155295
video_games,8,0.01,0.03,ndcg@10,0.02567220355073611,0.0006007803379076785,3,0.03151343824962775,0.0005205726448155295
video_games,8,0.01,0.03,ndcg@5,0.02032061293721199,0.0006810750863249141,3,0.03151343824962775,0.0005205726448155295
video_games,8,0.01,0.03,recall@10,0.04699008415142695,0.0009428015439237325,3,0.03151343824962775,0.0005205726448155295
video_games,8,0.01,0.03,recall@5,0.03035290539264679,0.0012166851697230764,3,0.03151343824962775,0.0005205726448155295
video_games,8,0.01,0.05,n_visited_items,3014.5840657552085,22.68280668334578,3,0.031283395985762276,0.00041936207593479074
video_games,8,0.01,0.05,ndcg@10,0.02531515620648861,0.0014708520680143324,3,0.031283395985762276,0.00041936207593479074
video_games,8,0.01,0.05,ndcg@5,0.020312135418256123,0.0010948691816390567,3,0.031283395985762276,0.00041936207593479074
video_games,8,0.01,0.05,recall@10,0.04582424586017927,0.003125652165406518,3,0.031283395985762276,0.00041936207593479074
video_games,8,0.01,0.05,recall@5,0.03029804366330306,0.0018785540894367034,3,0.031283395985762276,0.00041936207593479074
video_games,8,0.01,0.07,n_visited_items,2971.7442220052085,16.464996783057064,3,0.030151597534616787,0.0011879465922151854
video_games,8,0.01,0.07,ndcg@10,0.025036994367837906,0.0011387091267353244,3,0.030151597534616787,0.0011879465922151854
video_games,8,0.01,0.07,ndcg@5,0.019577133158842724,0.0013690073962459523,3,0.030151597534616787,0.0011879465922151854
video_games,8,0.01,0.07,recall@10,0.046496318032344185,0.0007417918204885644,3,0.030151597534616787,0.0011879465922151854
video_games,8,0.01,0.07,recall@5,0.02954367734491825,0.001478438780921959,3,0.030151597534616787,0.0011879465922151854
video_games,16,0.001,0.03,n_visited_items,3014.6149088541665,18.27570826390414,3,0.03809168810645739,0.0002850757990063624
video_games,16,0.001,0.03,ndcg@10,0.027500491589307785,0.0005027208948949993,3,0.03809168810645739,0.0002850757990063624
video_games,16,0.001,0.03,ndcg@5,0.0220635583003362,0.00042653146476677564,3,0.03809168810645739,0.0002850757990063624
video_games,16,0.001,0.03,recall@10,0.04991153379281362,0.0007946844213510474,3,0.03809168810645739,0.0002850757990063624
video_games,16,0.001,0.03,recall@5,0.032945177207390465,0.000451371087655834,3,0.03809168810645739,0.0002850757990063624
video_games,16,0.001,0.05,n_visited_items,3015.4886881510415,13.53146583335071,3,0.03784666210412979,0.0004261114968932401
video_games,16,0.001,0.05,ndcg@10,0.02802387500802676,0.0005615576948033651,3,0.03784666210412979,0.0004261114968932401
video_games,16,0.001,0.05,ndcg@5,0.022638149559497833,0.0002794975450385592,3,0.03784666210412979,0.0004261114968932401
video_games,16,0.001,0.05,recall@10,0.05035043631990751,0.0013423917812273685,3,0.03784666210412979,0.0004261114968932401
video_games,16,0.001,0.05,recall@5,0.033589817583560944,0.0004874383158059067,3,0.03784666210412979,0.0004261114968932401
video_games,16,0.001,0.07,n_visited_items,2984.0065104166665,9.646041975312123,3,0.036884197344382606,0.00027488593073122613
video_games,16,0.001,0.07,ndcg@10,0.027284542719523113,0.00028865618522890403,3,0.036884197344382606,0.00027488593073122613
video_games,16,0.001,0.07,ndcg@5,0.021986939013004303,0.00046656526999007696,3,0.036884197344382606,0.00027488593073122613
video_games,16,0.001,0.07,recall@10,0.0494863453010718,0.00072485895110882,3,0.036884197344382606,0.00027488593073122613
video_games,16,0.001,0.07,recall@5,0.0329588937262694,0.00086702634314297,3,0.036884197344382606,0.00027488593073122613
video_games,16,0.003,0.03,n_visited_items,3011.4346516927085,15.549991784701778,3,0.037653940419356026,0.0004169085099104244
video_games,16,0.003,0.03,ndcg@10,0.028088495135307312,0.0009815591629567402,3,0.037653940419356026,0.0004169085099104244
video_games,16,0.003,0.03,ndcg@5,0.022670142973462742,0.0008106653710381049,3,0.037653940419356026,0.0004169085099104244
video_games,16,0.003,0.03,recall@10,0.05077562356988589,0.0016930457616848625,3,0.037653940419356026,0.0004169085099104244
video_games,16,0.003,0.03,recall@5,0.0339189941684405,0.0011494238551445484,3,0.037653940419356026,0.0004169085099104244
video_games,16,0.003,0.05,n_visited_items,2979.832763671875,19.943707489331786,3,0.0376069446404775,0.0003909377228726293
video_games,16,0.003,0.05,ndcg@10,0.027212393159667652,0.0004418623734698277,3,0.0376069446404775,0.0003909377228726293
video_games,16,0.003,0.05,ndcg@5,0.02196414644519488,0.00064272457327472,3,0.0376069446404775,0.0003909377228726293
video_games,16,0.003,0.05,recall@10,0.04929432521263758,0.0005155745196305164,3,0.0376069446404775,0.0003909377228726293
video_games,16,0.003,0.05,recall@5,0.0329451784491539,0.0006562073073073728,3,0.0376069446404775,0.0003909377228726293
video_games,16,0.003,0.07,n_visited_items,2958.4120279947915,11.54002272377774,3,0.03642478957772255,0.00032087297754007817
video_games,16,0.003,0.07,ndcg@10,0.02708205208182335,0.0003007067330255024,3,0.03642478957772255,0.00032087297754007817
video_games,16,0.003,0.07,ndcg@5,0.021398667246103287,0.0002530632266778983,3,0.03642478957772255,0.00032087297754007817
video_games,16,0.003,0.07,recall@10,0.05006240556637446,0.00016629319922229012,3,0.03642478957772255,0.00032087297754007817
video_games,16,0.003,0.07,recall@5,0.032423979292313256,0.00018855957715220342,3,0.03642478957772255,0.00032087297754007817
video_games,16,0.01,0.03,n_visited_items,2994.4462890625,1.30653280546052,3,0.037051986902952194,9.959819036243745e-05
video_games,16,0.01,0.03,ndcg@10,0.02729254774749279,0.00039839111613313046,3,0.037051986902952194,9.959819036243745e-05
video_games,16,0.01,0.03,ndcg@5,0.021560199558734894,0.00033028001265434357,3,0.037051986902952194,9.959819036243745e-05
video_games,16,0.01,0.03,recall@10,0.050556172927220665,0.0007961028298787353,3,0.037051986902952194,9.959819036243745e-05
video_games,16,0.01,0.03,recall@5,0.03272572656472524,0.00025141290502475513,3,0.037051986902952194,9.959819036243745e-05
video_games,16,0.01,0.05,n_visited_items,2982.129638671875,10.088662217535441,3,0.03675376996397972,0.00047842418134220126
video_games,16,0.01,0.05,ndcg@10,0.027828059469660122,0.0003351292462920125,3,0.03675376996397972,0.00047842418134220126
video_games,16,0.01,0.05,ndcg@5,0.0223449965318044,0.00036810539991458373,3,0.03675376996397972,0.00047842418134220126
video_games,16,0.01,0.05,recall@10,0.05029557396968206,0.00030883299243799733,3,0.03675376996397972,0.00047842418134220126
video_games,16,0.01,0.05,recall@5,0.03328807155291239,0.00043351325996965817,3,0.03675376996397972,0.00047842418134220126
video_games,16,0.01,0.07,n_visited_items,2960.76171875,6.681192467230373,3,0.03377790004014969,0.001565743630324211
video_games,16,0.01,0.07,ndcg@10,0.025621809686223667,0.00036156605720836366,3,0.03377790004014969,0.001565743630324211
video_games,16,0.01,0.07,ndcg@5,0.020110435783863068,0.0006596752875493363,3,0.03377790004014969,0.001565743630324211
video_games,16,0.01,0.07,recall@10,0.04792275403936704,0.0004769057062184863,3,0.03377790004014969,0.001565743630324211
video_games,16,0.01,0.07,recall@5,0.030764377986391384,0.0005370194731094444,3,0.03377790004014969,0.001565743630324211
video_games,32,0.001,0.03,n_visited_items,3181.4983723958335,1.0217622727833935,3,0.04195500165224075,0.0005527833093151345
video_games,32,0.001,0.03,ndcg@10,0.030977593113978703,0.00046446667366944485,3,0.04195500165224075,0.0005527833093151345
video_games,32,0.001,0.03,ndcg@5,0.02488943748176098,0.0009846189578850946,3,0.04195500165224075,0.0005527833093151345
video_games,32,0.001,0.03,recall@10,0.05571328724424044,0.0009301452180770946,3,0.04195500165224075,0.0005527833093151345
video_games,32,0.001,0.03,recall@5,0.03684044380982717,0.0010223506742360988,3,0.04195500165224075,0.0005527833093151345
video_games,32,0.001,0.05,n_visited_items,3157.2354329427085,14.989689470922285,3,0.04139761750896772,0.00023521198000928445
video_games,32,0.001,0.05,ndcg@10,0.030813852945963543,0.0009872821558937865,3,0.04139761750896772,0.00023521198000928445
video_games,32,0.001,0.05,ndcg@5,0.024495671813686688,0.0007594315118047697,3,0.04139761750896772,0.00023521198000928445
video_games,32,0.001,0.05,recall@10,0.05543897052605947,0.0013379686036026608,3,0.04139761750896772,0.00023521198000928445
video_games,32,0.001,0.05,recall@5,0.035852912813425064,0.0006190339838170863,3,0.04139761750896772,0.00023521198000928445
video_games,32,0.001,0.07,n_visited_items,3136.4768880208335,17.044774602366918,3,0.04030673826734225,0.00010730414317510251
video_games,32,0.001,0.07,ndcg@10,0.030211403345068295,0.00040955026732810443,3,0.04030673826734225,0.00010730414317510251
video_games,32,0.001,0.07,ndcg@5,0.023880957315365475,0.00041787969687751036,3,0.04030673826734225,0.00010730414317510251
video_games,32,0.001,0.07,recall@10,0.05487662802139918,0.00013226959183454835,3,0.04030673826734225,0.00010730414317510251
video_games,32,0.001,0.07,recall@5,0.035194557160139084,0.00012570665575101767,3,0.04030673826734225,0.00010730414317510251
video_games,32,0.003,0.03,n_visited_items,3153.7704264322915,14.760156020979517,3,0.042138749112685524,0.0005456800617120707
video_games,32,0.003,0.03,ndcg@10,0.03077598661184311,0.0005636743046120691,3,0.042138749112685524,0.0005456800617120707
video_games,32,0.003,0.03,ndcg@5,0.024442628026008606,0.0002994239560468943,3,0.042138749112685524,0.0005456800617120707
video_games,32,0.003,0.03,recall@10,0.055809296667575836,0.0013797089216971172,3,0.042138749112685524,0.0005456800617120707
video_games,32,0.003,0.03,recall@5,0.036154658844073616,0.0005995828322248109,3,0.042138749112685524,0.0005456800617120707
video_games,32,0.003,0.05,n_visited_items,3118.6849772135415,14.31870476007773,3,0.04163995633522669,0.0006987479941014162
video_games,32,0.003,0.05,ndcg@10,0.03050210451086362,0.000640894583473338,3,0.04163995633522669,0.0006987479941014162
video_games,32,0.003,0.05,ndcg@5,0.024000693733493488,0.000451141075245356,3,0.04163995633522669,0.0006987479941014162
video_games,32,0.003,0.05,recall@10,0.055603561302026115,0.00150417180649208,3,0.04163995633522669,0.0006987479941014162
video_games,32,0.003,0.05,recall@5,0.035455157359441124,0.000869299748436865,3,0.04163995633522669,0.0006987479941014162
video_games,32,0.003,0.07,n_visited_items,3099.9130045572915,8.711056919163159,3,0.0407509816189607,0.0006017536480865287
video_games,32,0.003,0.07,ndcg@10,0.030559126287698746,0.0006451960389361242,3,0.0407509816189607,0.0006017536480865287
video_games,32,0.003,0.07,ndcg@5,0.024189685781796772,0.0006606315903022905,3,0.0407509816189607,0.0006017536480865287
video_games,32,0.003,0.07,recall@10,0.0557818648715814,0.0007478518141267054,3,0.0407509816189607,0.0006017536480865287
video_games,32,0.003,0.07,recall@5,0.03604493166009585,0.00064667930615908,3,0.0407509816189607,0.0006017536480865287
video_games,32,0.01,0.03,n_visited_items,3096.13134765625,7.996626455567129,3,0.036450142661730446,0.0022090686195744905
video_games,32,0.01,0.03,ndcg@10,0.02851121996839841,0.0010346452805262113,3,0.036450142661730446,0.0022090686195744905
video_games,32,0.01,0.03,ndcg@5,0.022007205833991367,0.0010434709883092906,3,0.036450142661730446,0.0022090686195744905
video_games,32,0.01,0.03,recall@10,0.0536284955839316,0.0013124174955863263,3,0.036450142661730446,0.0022090686195744905
video_games,32,0.01,0.03,recall@5,0.03350752219557762,0.0012961909608698852,3,0.036450142661730446,0.0022090686195744905
video_games,32,0.01,0.05,n_visited_items,3055.4498697916665,23.84232939583285,3,0.03428479532400767,0.00015480184032441615
video_games,32,0.01,0.05,ndcg@10,0.026898736134171486,0.00014562319599246114,3,0.03428479532400767,0.00015480184032441615
video_games,32,0.01,0.05,ndcg@5,0.020349547266960144,0.00012582159077926118,3,0.03428479532400767,0.00015480184032441615
video_games,32,0.01,0.05,recall@10,0.0515437051653862,0.0001557798672692191,3,0.03428479532400767,0.00015480184032441615
video_games,32,0.01,0.05,recall@5,0.03135415414969126,0.0005005779436444172,3,0.03428479532400767,0.00015480184032441615
video_games,32,0.01,0.07,n_visited_items,3039.740478515625,23.276033571067888,3,0.03228964408238729,0.0007882071341938725
video_games,32,0.01,0.07,ndcg@10,0.025177829588452976,0.0005146539873336029,3,0.03228964408238729,0.0007882071341938725
video_games,32,0.01,0.07,ndcg@5,0.019008818392952282,0.0006283506876484248,3,0.03228964408238729,0.0007882071341938725
video_games,32,0.01,0.07,recall@10,0.048306792974472046,0.0005804541096574733,3,0.03228964408238729,0.0007882071341938725
video_games,32,0.01,0.07,recall@5,0.02925564783314864,0.0009641088896498279,3,0.03228964408238729,0.0007882071341938725
video_games,64,0.001,0.03,n_visited_items,3299.1861165364585,18.46963944904784,3,0.04365293929974238,0.0004946184456689171
video_games,64,0.001,0.03,ndcg@10,0.03306883697708448,0.0008727107362751051,3,0.04365293929974238,0.0004946184456689171
video_games,64,0.001,0.03,ndcg@5,0.026329689969619114,0.0006702533185984688,3,0.04365293929974238,0.0004946184456689171
video_games,64,0.001,0.03,recall@10,0.05982800448934237,0.001681002993794147,3,0.04365293929974238,0.0004946184456689171
video_games,64,0.001,0.03,recall@5,0.038938951989014946,0.001093567284931952,3,0.04365293929974238,0.0004946184456689171
video_games,64,0.001,0.05,n_visited_items,3277.057373046875,11.619235763121832,3,0.0434008352458477,0.00048795989146580677
video_games,64,0.001,0.05,ndcg@10,0.033626776188611984,0.00033351323154270804,3,0.0434008352458477,0.00048795989146580677
video_games,64,0.001,0.05,ndcg@5,0.0266793475796779,0.00032411200708683935,3,0.0434008352458477,0.00048795989146580677
video_games,64,0.001,0.05,recall@10,0.060938979188601174,0.000750865767152693,3,0.0434008352458477,0.00048795989146580677
video_games,64,0.001,0.05,recall@5,0.03937785451610883,0.00039252027356009335,3,0.0434008352458477,0.00048795989146580677
video_games,64,0.001,0.07,n_visited_items,3237.8648274739585,34.11906110811897,3,0.04203652466336886,0.0007988045521696466
video_games,64,0.001,0.07,ndcg@10,0.03246369957923889,0.00014342653613057355,3,0.04203652466336886,0.0007988045521696466
video_games,64,0.001,0.07,ndcg@5,0.025585317984223366,0.00030749780669246207,3,0.04203652466336886,0.0007988045521696466
video_games,64,0.001,0.07,recall@10,0.05977314089735349,0.0005028274358975178,3,0.04203652466336886,0.0007988045521696466
video_games,64,0.001,0.07,recall@5,0.03839032227794329,0.00026982063325993515,3,0.04203652466336886,0.0007988045521696466
video_games,64,0.003,0.03,n_visited_items,3267.3993326822915,16.01909776640789,3,0.043637470652659736,0.0007750616215383806
video_games,64,0.003,0.03,ndcg@10,0.033852964639663696,0.0010942114289972024,3,0.043637470652659736,0.0007750616215383806
video_games,64,0.003,0.03,ndcg@5,0.026677157108982403,0.0013040905756148112,3,0.043637470652659736,0.0007750616215383806
video_games,64,0.003,0.03,recall@10,0.06187164783477783,0.000925888412083885,3,0.043637470652659736,0.0007750616215383806
video_games,64,0.003,0.03,recall@5,0.03954244280854861,0.0014818704740631808,3,0.043637470652659736,0.0007750616215383806
video_games,64,0.003,0.05,n_visited_items,3192.6293131510415,29.15665532955093,3,0.04313016807039579,0.00019345491703850386
video_games,64,0.003,0.05,ndcg@10,0.03269867474834124,0.000251508803408172,3,0.04313016807039579,0.00019345491703850386
video_games,64,0.003,0.05,ndcg@5,0.025726011022925377,0.0002531331316706105,3,0.04313016807039579,0.00019345491703850386
video_games,64,0.003,0.05,recall@10,0.06021204466621081,0.00045324201841446106,3,0.04313016807039579,0.00019345491703850386
video_games,64,0.003,0.05,recall@5,0.038582343608140945,0.0003499531760340399,3,0.04313016807039579,0.00019345491703850386
video_games,64,0.003,0.07,n_visited_items,3156.5674641927085,27.264690570431426,3,0.04242065673073133,0.00015984333731538117
video_games,64,0.003,0.07,ndcg@10,0.032749531169732414,0.00013920624583116216,3,0.04242065673073133,0.00015984333731538117
video_games,64,0.003,0.07,ndcg@5,0.02587590552866459,0.0005451410050905546,3,0.04242065673073133,0.00015984333731538117
video_games,64,0.003,0.07,recall@10,0.05999259278178215,0.00032659476788131993,3,0.04242065673073133,0.00015984333731538117
video_games,64,0.003,0.07,recall@5,0.03871949886282285,0.0011432699901548374,3,0.04242065673073133,0.00015984333731538117
video_games,64,0.01,0.03,n_visited_items,3089.6583658854165,24.336301602272254,3,0.03457133720318476,0.0017574253899209334
video_games,64,0.01,0.03,ndcg@10,0.027720738823215168,0.0016778533399575322,3,0.03457133720318476,0.0017574253899209334
video_games,64,0.01,0.03,ndcg@5,0.021338125069936115,0.0013486192883434068,3,0.03457133720318476,0.0017574253899209334
video_games,64,0.01,0.03,recall@10,0.05295642465353012,0.0032326080605434215,3,0.03457133720318476,0.0017574253899209334
video_games,64,0.01,0.03,recall@5,0.03319206088781357,0.002171203543528118,3,0.03457133720318476,0.0017574253899209334
video_games,64,0.01,0.05,n_visited_items,3065.09814453125,29.204481648527906,3,0.033633956064780555,0.0018512368954204375
video_games,64,0.01,0.05,ndcg@10,0.026415397102634113,0.0013834322246387898,3,0.033633956064780555,0.0018512368954204375
video_games,64,0.01,0.05,ndcg@5,0.020521662508447964,0.0013839280551344092,3,0.033633956064780555,0.0018512368954204375
video_games,64,0.01,0.05,recall@10,0.050226995100577675,0.0021500472961941694,3,0.033633956064780555,0.0018512368954204375
video_games,64,0.01,0.05,recall@5,0.03198507676521937,0.00212310350935881,3,0.033633956064780555,0.0018512368954204375
video_games,64,0.01,0.07,n_visited_items,3044.9310709635415,41.26277581701204,3,0.0329438087840875,0.0011851567380320627
video_games,64,0.01,0.07,ndcg@10,0.025821154316266377,0.0009260984992621778,3,0.0329438087840875,0.0011851567380320627
video_games,64,0.01,0.07,ndcg@5,0.019689584771792095,0.0009491028350669508,3,0.0329438087840875,0.0011851567380320627
video_games,64,0.01,0.07,recall@10,0.04991153379281362,0.0013314157145713256,3,0.0329438087840875,0.0011851567380320627
video_games,64,0.01,0.07,recall@5,0.030942682176828384,0.0013547369422941245,3,0.0329438087840875,0.0011851567380320627
